Configuration,mse,mae,psnr,ssim,fid,is_mean,overall_accuracy,avg_inference_time_ms,peak_memory_mb
Standard,0.039045047,0.107715674,14.709448939047169,0.6324115,196.2587189654981,2.3705974,0.5256327390670776,79.10471439361572,0
Perceptual,0.042412072,0.10179964,14.454000020607179,0.6550807,159.88536948810247,2.3962924,0.5839359313249588,76.9778060913086,0
Regularized,0.04260584,0.103285894,14.480363498537098,0.6438002,195.4424739423991,2.5142176,0.5272985473275185,106.39714241027832,0
