,mse,mae,psnr,ssim,fid,is_mean,is_std,real_accuracy,fake_accuracy,overall_accuracy,avg_inference_time_ms,peak_memory_mb,throughput_fps,results_path
standard,0.037603877,0.10581136,14.972012543257073,0.6371367,144.43429741765317,2.8722157,0.18476267,0.21848365664482117,0.8355177640914917,0.5270007103681564,2.485198974609375,593.42822265625,402.38226806655615,./results/summary/csv/standard_evaluation_results.csv
perceptual,0.04262778,0.10266171,14.568605916276633,0.64985675,110.94663938006128,3.0634656,0.3212363,0.29070085287094116,0.8680994510650635,0.5794001519680023,2.3500537872314453,593.42822265625,425.5221754639418,./results/summary/csv/perceptual_evaluation_results.csv
regularized,0.042018835,0.102101006,14.60861605357153,0.6494628,137.99238753249082,3.1975462,0.2547871,0.07649470120668411,0.9799360632896423,0.5282153822481632,2.525200843811035,593.42822265625,396.0081046427971,./results/summary/csv/regularized_evaluation_results.csv
